Rashid S., 300701301, /hello
Rashid S., 300701301, /abc
Rashid S., 300701301, /abc
Rashid S., 300701301, /abc
Rashid S., 300701301, /abc
Rashid S., 300701301, /abc
Rashid S., 300701301, /hello
Rashid S., 300701301, /hello
Rashid S., 300701301, /abc
Rashid S., 300701301, /abc
Rashid S., 300701301, /hello
Rashid S., 300701301, /abc
Rashid S., 300701301, /abc
Rashid S., 300701301, /abc
Rashid S., 300701301, /abc
Rashid S., 300701301, /hello
Rashid S., 300701301, /abc
Rashid S., 300701301, /abc
Rashid S., 300701301, /hello
Rashid S., 300701301, /abc
Rashid S., 300701301, /abc
Rashid S., 300701301, /abc
Rashid S., 300701301, /abc
Rashid S., 300701301, /abc
Rashid S., 300701301, /abc
Rashid S., 300701301, /abc ןנא ןנ מדםנ הכמנןמגדג חשחפרגש גפדמ גמגהכפ
Rashid S., 300701301, /abc ןנא ןנ מדםנ הכמנןמגדג חשחפרגש גפדמ גמגהכפ
Rashid S., 300701301, /hello
Rashid S., 300701301, /game
Rashid S., 300701301, /game
Rashid S., 300701301, /game
Rashid S., 300701301, /game
Rashid S., 300701301, /game
Rashid S., 300701301, /game
Rashid S., 300701301, /game
Rashid S., 300701301, /game
Rashid S., 300701301, /game
